<?xml version="1.0" encoding="UTF-8"?>

<!--Copyright (c) 2012 by Subset Games. All rights reserved.-->
<img x="-35" y="0" w="284" h="378" />
<offsets>
	<floor x="142" y="189" />
	<cloak x="0" y="0" />
</offsets>
<weaponMounts>
	<mount x="264" y="51" rotate="false" mirror="false" gib="-1" slide="up" />
	<mount x="191" y="6" rotate="false" mirror="false" gib="-1" slide="up" />
	<mount x="91" y="6" rotate="false" mirror="true" gib="-1" slide="up" />
	<mount x="20" y="52" rotate="false" mirror="true" gib="-1" slide="up" />
</weaponMounts>
<explosion />

