<?xml version="1.0" encoding="UTF-8"?>

<!--Copyright (c) 2012 by Subset Games. All rights reserved.-->
<img x="-26" y="-17" w="264" h="304" />
<offsets>
	<floor x="132" y="152" />
	<cloak x="0" y="0" />
</offsets>
<weaponMounts>
	<mount x="52" y="36" rotate="false" mirror="true" gib="-1" slide="up" />
	<mount x="15" y="51" rotate="false" mirror="true" gib="-1" slide="up" />
	<mount x="212" y="36" rotate="false" mirror="false" gib="-1" slide="up" />
	<mount x="249" y="51" rotate="false" mirror="false" gib="-1" slide="up" />
</weaponMounts>
<explosion />

