<?xml version="1.0" encoding="UTF-8"?>

<!--Copyright (c) 2012 by Subset Games. All rights reserved.-->
<img x="-84" y="-42" w="442" h="436" />
<offsets>
	<floor x="78" y="36" />
	<cloak x="0" y="0" />
</offsets>
<weaponMounts>
	<mount x="373" y="139" rotate="true" mirror="false" gib="-1" slide="right" />
	<mount x="373" y="297" rotate="true" mirror="true" gib="-1" slide="right" />
	<mount x="401" y="98" rotate="true" mirror="true" gib="-1" slide="right" />
</weaponMounts>
<explosion />

