<?xml version="1.0" encoding="UTF-8"?>

<!--Copyright (c) 2012 by Subset Games. All rights reserved.-->
<img x="-107" y="-5" w="600" h="380" />
<offsets>
	<floor x="300" y="190" />
	<cloak x="300" y="190" />
</offsets>
<weaponMounts>
	<mount x="175" y="71" rotate="false" mirror="true" gib="-1" slide="up" />
	<mount x="424" y="69" rotate="false" mirror="false" gib="-1" slide="up" />
	<mount x="521" y="38" rotate="false" mirror="false" gib="-1" slide="up" />
	<mount x="76" y="40" rotate="false" mirror="true" gib="-1" slide="up" />
</weaponMounts>
<explosion />

