<?xml version="1.0" encoding="UTF-8"?>

<!--Copyright (c) 2012 by Subset Games. All rights reserved.-->
<img x="-106" y="-9" w="600" h="380" />
<offsets>
	<floor x="300" y="190" />
	<cloak x="0" y="0" />
</offsets>
<weaponMounts>
	<mount x="408" y="58" rotate="false" mirror="false" gib="-1" slide="up" />
	<mount x="173" y="53" rotate="false" mirror="true" gib="-1" slide="up" />
	<mount x="229" y="12" rotate="false" mirror="true" gib="-1" slide="up" />
</weaponMounts>
<explosion />

